"CHOOSE A SUNDAY","CHOOSE A SERVICE","First Name","Last Name","Email","How many adults are in your group?","How many children (5th grade and under) are in your group?"
"2014-01-17","10:00 AM","Abel","McBride","AbelMac32@yahoo.com","23","43"
"2014-01-11","10:00 AM","Test9","Test9","brett.clubb@gmail.com","3","43"
"2014-01-07","11:30 AM","Abel","McBride","AbelMac32@yahoo.com","fae","aslfk"
"2014-01-07","10:00 AM","abel","mcbride","abeLMAC32@YAHOO.COM","as;l","asf"
"2014-01-06","11:30 AM","abel","mcbride","abelmac32@YAHOO.COM","2","32"
"2014-01-09","10:00 AM","Abel","McBride","AbelMac32@yahoo.com","32","32"
"2014-01-09","11:30 AM","ABEL","MCBRIDE","ABELMAC32@YAHOO.COM","AS","ASF"
"2014-01-09","11:30 AM","ABEL","MCBRIDE","ABEL@YAHOO.COM","FW","SD"
"2014-01-01","11:30 AM","ABEL","MCBRIDE","ABEL@YAHOO.COM","2","2"
"2014-01-03","11:30 AM","Abel","McBride","AbelMac32@yahoo.com","4","4"
"2014-01-07","11:30 AM","Abel","McBride","AbelMac32@Yahoo.com","23","2"
"2014-01-09","11:30 AM","Abel","McBride","AbelMac32@yahoo.com","2","6"
"2014-01-10","11:30 AM","Abel","McBride","AbelMac32@yahoo.com","9","9"
"2014-01-17","11:30 AM","Abel","McBride","AbelMac32@yahoo.com","9","9"
"2014-01-16","11:30 AM","Abel","McBride","AbelMac32@yahoo.com","98","5"
"2014-01-10","11:30 AM","Abel","McBride","AbelMac32@yahoo.com","9","97"
"2014-01-17","11:30 AM","Abel","McBride","AbelMac32@yahoo.com","9","979"
"2014-01-10","11:30 AM","Abel","McBride","AbelMac32@yahoo.com","8","6"
"2014-01-17","11:30 AM","Abel","McBride","AbelMac32@yahoo.com","fa","fart"
"2014-01-02","11:30 AM","Abel","McBride","AbelMac32@yahoo.com","9","144"
"2014-01-02","11:30 AM","Abel","McBride","AbelMac32@yahoo.com","9","sdf"
"2014-01-10","11:30 AM","Abel","McBride","AbelMac32@yahoo.com","9","9"
"2014-01-16","11:30 AM","Abel","McBride","AbelMac32@yahoo.com","9","a"
"2014-01-10","11:30 AM","Abel","McBride","AbelMac32@yahoo.com","9","19"
"2014-01-10","11:30 AM","Abel","McBride","AbelMac32@yahoo.com","9","10"
"2014-01-13","11:30 AM","Abel","McBride","AbelMac32@yahoo.com","9","989"
"2014-01-03","11:30 AM","Abel","McBride","AbelMac32@yahoo.com","91","89"
"2014-01-16","11:30 AM","Abel","McBride","AbelMac32@yahoo.com","901","34"
"2014-01-17","11:30 AM","Abel","McBride","AbelMac32@yahoo.com","8","8"
"2014-01-16","11:30 AM","Abel","McBride","AbelMac32@yahoo.com","5","5"
"2014-01-03","11:30 AM","Abel","McBride","AbelMac32@yahoo.com","9","098"
"2014-01-16","11:30 AM","Abel","McBride","AbelMac32@yahoo.com","9","75678"
"2014-01-30","11:30 AM","Abel","McBride","AbelMac32@yahoo.com","54","34"
"2014-01-14","11:30 AM","Abel","McBride","AbelMac32@yahoo.com","34","34"
"2014-01-08","11:30 AM","Abel","McBride","AbelMac32@yahoo.com","12","12"
"2014-01-10","11:30 AM","Abel","McBride","AbelMac32@yahoo.com","78","78"
"2014-01-02","10:00 AM","Abel","McBride","AbelMac32@yahoo.com","4213","4124"
"2014-01-09","11:30 AM","Abel","McBride","AbelMac32@yahoo.com","897","9870"
"2014-01-07","11:30 AM","Abel","McBride","abel@yahoo.com","9","9"
"2014-01-10","11:30 AM","abel","McBride","AbelMac32@yahoo.com","9","435"
"2014-01-08","11:30 AM","Abel","McBride","AbelMac32@yahoo.com","9","9"
"2014-01-08","11:30 AM","Abel","McBride","AbelMac32@yahoo.com","80","67"
"2014-01-09","11:30 AM","Abel","McBride","AbelMac32@yahoo.com","2","5"
"2014-01-08","11:30 AM","Abel","McBride","AbelMac32@yahoo.com","9753","13579"
"2014-01-08","11:30 AM","Abel","McBride","AbelMac32@yahoo.com","9","9870"
"2014-01-08","11:30 AM","Abel","McBride","AbelMac32@yahoo.com","89","98"
"2014-01-07","11:30 AM","Abel","McBride","abel@yahoo.com","9","9"
"2014-01-15","11:30 AM","Abel","McBride","AbelMac32@yahoo.com","adsf","sdfs"
"2014-01-02","11:30 AM","Abel","McBride","AbelMac3@yahoo.com","5","e"
"2014-01-02","11:30 AM","Abel","McBride","AbelMac32@yahoo.com","3","3"
"2014-01-09","11:30 AM","Abel","McBride","AbelMac32@yahoo.com","3","3"
"2014-01-03","11:30 AM","Abel","McBride","AbelMac32@yahoo.com","3","3"
"2014-01-08","11:30 AM","Abel","McBride","abel@yahoo.com","3","345"
"2014-01-08","11:30 AM","Abel","McBride","abel@yahoo.com","34","210"
"2014-01-01","11:30 AM","Abel","McBride","AbelMac32@yahoo.com","3","3"
"2014-01-14","11:30 AM","Abel","McBride","abe@yahoo.com","SG","Fd"
"2014-01-07","11:30 AM","Abel","McBride","AbelMac32@yahoo.com","3","3"
"2014-01-15","11:30 AM","Abel","McBride","AbelMac32@yahoo.com","7","3"
"2014-01-08","11:30 AM","Abel","McBride","AbelMac32@yahoo.com","1","1"
"2014-01-08","11:30 AM","Abel","McBride","AbelMac32@yahoo.com","3","9"
"2014-01-09","11:30 AM","Abel","McBride","AbelMac32@yahoo.com","7","6"
"2014-01-15","11:30 AM","Abel","McBride","abel@yahoo.com","3","32"
"2014-01-22","11:30 AM","Abel","McBride","abel@yahoo.com","4","6"
"2014-01-14","11:30 AM","Abel","McBride","AbelMac32@yahoo.com","3","9"
"2014-01-14","11:30 AM","Abel","McBride","AbelMac32@yahoo.com","12","35"
"2014-01-15","11:30 AM","Abel","McBride","AbelMac32@yahoo.com","5","2"
"2014-01-02","11:30 AM","Abel","McBride","abel@yahoo.com","4","2"
"2014-01-09","11:30 AM","Abel","McBride","abel@yahoo.com","3","46"
"2014-01-15","11:30 AM","Abel","McBride","AbelMac32@yahoo.com","8","8"
"2014-01-09","11:30 AM","Abel","McBride","AbelMac32@yahoo.com","9","9"
"2014-01-08","11:30 AM","Abel","McBride","AbelMac32@yahoo.com","7","7"
"2014-01-09","11:30 AM","abel","mcbride","abel@yahoo.com","8","8"
"2014-01-10","11:30 AM","Abel","McBride","AbelMac32@yahoo.com","3","3"
"2014-01-15","11:30 AM","Abel","McBride","AbelMac32@yahoo.com","3","3"
"2014-01-14","11:30 AM","Abel","McBride","AbelMac32@yahoo.com","3","3"
"2014-01-02","Abel","McBride","AbelMac32@yahoo.com","12"
"2014-01-01","Abel","McBride","AbelMac32@yahoo.com","12"
"2014-01-07","11:30 AM","Abel","McBride","AbelMac32@yahoo.com","7","7"
"Abel","McBride","AbelMac32@yahoo.com","12","afv"
"2014-01-09","abel","McBride","AbelMac32@yahoo.com","12"
"2014-01-15","Abel","McBride","AbelMac32@yahoo.com","12"
"2014-01-02","Abel","McBride","AbelMac32@yahoo.com","12"
"2014-01-02","Abel","McBride","AbelMac32@yahoo.com","12"
"2014-01-10","Abel","McBride","AbelMac32@yahoo.com","12"
"2014-01-11","Abel","McBride","AbelMac32@Yahoo.com","2"
"2014-01-30","Abel","McBride","AbelMac32@yahoo.com","12"
"2014-01-22","Abel","McBride","AbelMac32@yahoo.com","18"
"2014-01-16","Abel","McBride","AbelMac32@yoo.com","12"
"2014-01-16","Abel","McBride","AbelMac32@yahoo.com","99"
"2014-01-09","Abe","McBri","AbelMac32@yaoo.com","49"
"2014-01-15","bel","Bride","AbelMac32@hoo.com","5"
"2014-01-08","Abel","McBride","AbelMac32@ya.com","12"
"2014-01-09","abel","McBride","AbelMac32@yahoo.com","12"
"2014-01-09","abel","McBride","AbelMac32@yahoo.com","12"
"2014-01-09","Abell","McBride","AbelMac32@yahoo.com","12"
"2014-01-09","abel","McBride","AbelMac32@yahoo.com","12"
"2014-01-08","abel","McBride","AbelMac32@yahoo.com","12"
"2014-01-16","11:30 AM","abel","mcbride","abel@yahoo.com","5","5"
"2014-01-09","11:30 AM","abel","McBride","AbelMac32@yahoo.com","3","3"
"2014-01-16","11:30 AM","abel","McBride","AbelMac32@yahoo.com","3","23"
"2014-01-16","11:30 AM","abel","McBride","AbelMac32@yahoo.com","3","3"
"2014-01-16","11:30 AM","abel","mcbride","abelmac32@yahoo.com","3","3"
"2014-01-31","10:00 AM","Brett Clubb","Brett Clubb","brett.clubb@gmail.com","45","29"
"2014-01-25","Brett Clubb","Brett Clubb","brett.clubb@gmail.com","4092012288"
"2014-01-23","Brett Clubb","Brett Clubb","brett.clubb@gmail.com","4092012288"
"2014-01-16","Brett Clubb","Brett Clubb","brett.clubb@gmail.com","4092012288"
"2014-01-23","abel","mcbride","abelmac32@yahoo.com","409.201.8812"
"2014-01-18","Brett Clubb","Brett Clubb","brett.clubb@gmail.com","4092012288"
"2014-03-02","abel","mcbride","abel@yahoo.com","12"
"2014-03-02","abel","mcbride","abelmac32@yahoo.com","12"
"2014-03-02","abel","mcbride","abelmac32@yahoo.com","12"
"2014-03-02","abel","mcbride","abelmac32@yahoo.com","12"
"2014-01-25","brett","clubb","brett.clubb@gmail.com","4092012288"
"2014-03-02","abel","mcbride","abelmac32@yahoo.com","12"
